"question","answer"
"What are common signs of anxiety?","Common signs of anxiety include excessive worry, restlessness, fatigue, difficulty concentrating, and irritability. Physical symptoms may include sweating, trembling, and increased heart rate."
"How can I manage stress effectively?","Effective stress management techniques include deep breathing exercises, mindfulness meditation, physical activity, setting boundaries, and seeking support from friends or a therapist."
"What are symptoms of depression?","Symptoms of depression include persistent sadness, loss of interest in activities once enjoyed, changes in appetite or weight, sleep disturbances, and feelings of worthlessness or guilt."
"How do I know if I have bipolar disorder?","Bipolar disorder is characterized by extreme mood swings that include emotional highs (mania or hypomania) and lows (depression). Symptoms can vary and may include increased energy, impulsivity, and changes in sleep patterns."
"What is PTSD and what are its symptoms?","PTSD (Post-Traumatic Stress Disorder) can develop after experiencing or witnessing a traumatic event. Symptoms include flashbacks, nightmares, severe anxiety, and emotional numbness."
"How can I support a friend struggling with mental health issues?","Supporting a friend with mental health issues involves listening without judgment, offering encouragement, helping them find professional support if needed, and checking in regularly."
"What are effective ways to improve self-esteem?","Improving self-esteem involves practicing self-care, setting realistic goals, challenging negative thoughts, surrounding yourself with supportive people, and celebrating your achievements."
"How can I cope with feelings of loneliness?","Coping with loneliness includes reaching out to others, joining social groups or activities, volunteering, practicing self-compassion, and seeking professional help if loneliness becomes overwhelming."
"What are the benefits of therapy?","Therapy can help individuals manage emotions, improve relationships, develop coping skills, gain self-awareness, and work through past trauma or difficult life experiences."
"How do I know if therapy is right for me?","Consider therapy if you're experiencing persistent emotional distress, difficulty functioning in daily life, strained relationships, or if you want to explore personal growth and self-discovery."
"What are effective strategies for managing panic attacks?","Managing panic attacks involves deep breathing exercises, grounding techniques (focusing on the present), practicing mindfulness, and seeking professional guidance for long-term management."
"How can I improve my sleep with anxiety?","Improving sleep with anxiety involves establishing a bedtime routine, creating a comfortable sleep environment, limiting screen time before bed, and practicing relaxation techniques like progressive muscle relaxation."
"What is social anxiety and how can it be treated?","Social anxiety involves intense fear of social situations where embarrassment or negative judgment may occur. Treatment may include cognitive-behavioral therapy (CBT), exposure therapy, and medications."
"How can I manage obsessive-compulsive disorder (OCD) symptoms?","Managing OCD symptoms involves cognitive-behavioral therapy (CBT), specifically exposure and response prevention (ERP), medication, and developing healthy coping mechanisms."
"What is generalized anxiety disorder (GAD)?","Generalized anxiety disorder (GAD) is characterized by excessive worry or anxiety about various aspects of life, often without a specific cause. Treatment may include therapy, medications, and stress management techniques."
"How do I know if I have an eating disorder?","Signs of an eating disorder include drastic changes in eating habits, obsession with food or weight, distorted body image, and physical symptoms like dizziness or fatigue. Seeking professional evaluation is crucial."
"What are effective ways to cope with grief?","Coping with grief involves allowing yourself to feel emotions, seeking support from loved ones or support groups, maintaining routines, honoring memories of the deceased, and seeking professional help if needed."
"How can I help a family member with mental illness?","Supporting a family member with mental illness includes educating yourself about their condition, listening empathetically, encouraging treatment adherence, offering practical assistance, and prioritizing your own well-being."
"What are the signs of a potential suicidal crisis?","Signs of a potential suicidal crisis include talking about wanting to die, expressing feelings of hopelessness or worthlessness, withdrawing from social activities, and giving away possessions."
"How can I build resilience in the face of adversity?","Building resilience involves developing problem-solving skills, fostering social connections, maintaining optimism, practicing self-care, and learning from past experiences."
"What is cognitive-behavioral therapy (CBT) and how does it work?","CBT is a type of therapy that helps individuals identify and change negative thought patterns and behaviors. It focuses on practical strategies to improve coping skills and manage emotions."
"How can I reduce self-criticism and practice self-compassion?","Reducing self-criticism involves challenging negative self-talk, practicing mindfulness and self-compassion exercises, seeking support from others, and acknowledging your strengths."
"What is the impact of chronic stress on mental health?","Chronic stress can contribute to anxiety disorders, depression, sleep disturbances, physical health problems, and impaired cognitive function. Managing stress through relaxation techniques and self-care is essential."
"How do I manage intrusive thoughts?","Managing intrusive thoughts involves recognizing them as symptoms of anxiety or OCD, reframing them with realistic perspectives, practicing mindfulness, and seeking professional guidance if needed."
"What are effective ways to improve emotional intelligence?","Improving emotional intelligence involves enhancing self-awareness, recognizing and managing emotions, empathizing with others, and developing effective communication skills."
"How can I build better boundaries in relationships?","Building better boundaries involves identifying your needs and limits, communicating assertively, saying 'no' when necessary, and respecting others' boundaries."
"What are the benefits of practicing mindfulness?","Practicing mindfulness can reduce stress, improve focus and attention, enhance emotional regulation, promote self-awareness, and foster a greater sense of overall well-being."
"How can I manage anger in a healthy way?","Managing anger involves recognizing triggers, taking deep breaths, using 'I' statements to express feelings, taking a break to cool down, and seeking professional help for chronic anger issues."
"What are the signs of seasonal affective disorder (SAD)?","Signs of seasonal affective disorder (SAD) include low energy, oversleeping, changes in appetite (especially craving carbohydrates), and withdrawal from social activities during specific seasons, typically fall and winter."
"How can I improve my assertiveness skills?","Improving assertiveness skills involves expressing thoughts and feelings honestly and respectfully, practicing assertive body language, and standing up for your rights while considering others' perspectives."
"What are effective ways to manage perfectionism?","Managing perfectionism involves setting realistic goals, accepting mistakes as learning opportunities, challenging all-or-nothing thinking, practicing self-compassion, and prioritizing progress over perfection."
"How can I recognize signs of burnout?","Signs of burnout include physical and emotional exhaustion, detachment from work or activities once enjoyed, reduced performance, irritability, and feeling cynical or hopeless about the future."
"What is self-care and why is it important for mental health?","Self-care involves activities that promote physical, emotional, and mental well-being, such as adequate sleep, healthy eating, exercise, relaxation, and engaging in hobbies. It helps prevent burnout and promotes resilience."
"How do I know if I have an anxiety disorder?","Symptoms of anxiety disorders include excessive worry, fear, restlessness, difficulty concentrating, irritability, muscle tension, and sleep disturbances that interfere with daily life."
"What are effective coping strategies for dealing with trauma?","Coping with trauma involves seeking support from loved ones or a therapist, practicing relaxation techniques, journaling about feelings, engaging in physical activity, and gradually facing triggers with professional guidance."
"How can I improve my resilience to stress?","Improving resilience to stress involves developing problem-solving skills, fostering social connections, maintaining a positive outlook, practicing self-care, and seeking support when needed."
"What are signs of an anxiety attack?","Signs of an anxiety attack include rapid heartbeat, sweating, trembling or shaking, shortness of breath, feelings of impending doom or loss of control, and chest pain."
"How can I build a support network for mental health?","Building a support network involves reaching out to friends, family, support groups, or online communities, expressing your needs, listening to others, and offering mutual support."
"What is cognitive restructuring and how can it help with negative thinking?","Cognitive restructuring is a technique used in CBT to challenge and change negative thought patterns. It involves identifying irrational thoughts, examining evidence, and replacing them with more balanced or positive thoughts."
"How do I manage anxiety in social situations?","Managing anxiety in social situations involves deep breathing exercises, gradual exposure to feared situations, challenging negative thoughts, and practicing relaxation techniques."
"What are effective ways to improve communication in relationships?","Improving communication in relationships involves active listening, expressing thoughts and feelings clearly, using 'I' statements, seeking understanding, and resolving conflicts constructively."
"How can I set boundaries with family members?","Setting boundaries with family members involves clearly communicating your limits, being assertive yet respectful, reinforcing boundaries consistently, and seeking support if boundaries are challenged."
"What are signs of caregiver stress?","Signs of caregiver stress include feeling overwhelmed or constantly worried, changes in sleep or appetite, fatigue, irritability, and neglecting one's own needs or health."
"How can I build emotional resilience in children?","Building emotional resilience in children involves teaching problem-solving skills, encouraging healthy coping mechanisms, fostering supportive relationships, and validating their emotions."
"What is mindfulness-based stress reduction (MBSR) and how does it work?","MBSR is a program that combines mindfulness meditation and yoga to reduce stress and enhance well-being. It focuses on cultivating present-moment awareness and non-judgmental acceptance of thoughts and feelings."
"How do I support a loved one with PTSD?","Supporting a loved one with PTSD involves learning about their triggers, offering emotional support, encouraging them to seek professional help, and being patient and understanding."
"What are effective strategies for managing phobias?","Managing phobias involves gradual exposure to feared objects or situations, relaxation techniques, cognitive restructuring, and seeking support from a therapist specializing in phobias."
"How can I build assertiveness skills in teenagers?","Building assertiveness skills in teenagers involves teaching them to express opinions respectfully, stand up for themselves, negotiate conflicts, and assert boundaries."
"What are signs of postpartum depression?","Signs of postpartum depression include persistent sadness, loss of interest in baby or activities, sleep disturbances, feelings of worthlessness, and thoughts of harming oneself or the baby."
"How do I know if I have obsessive-compulsive disorder (OCD)?","Symptoms of OCD include intrusive thoughts (obsessions) and repetitive behaviors or rituals (compulsions) performed to alleviate anxiety. These behaviors interfere with daily activities and may cause distress."
"What are effective coping strategies for managing chronic pain?","Coping with chronic pain involves relaxation techniques, distraction methods, staying active within limits, seeking support from healthcare providers, and exploring pain management therapies."
"How can I help a teenager struggling with mental health issues?","Helping a teenager involves listening non-judgmentally, encouraging open communication, validating their feelings, offering support in seeking professional help, and educating yourself about their condition."
"What are the benefits of expressive writing for mental health?","Expressive writing can help process emotions, reduce stress, improve mood, enhance self-awareness, and promote healing from trauma or difficult experiences."
"How can I support a partner with depression?","Supporting a partner with depression involves showing empathy, listening actively, encouraging self-care, offering practical help, and gently encouraging them to seek professional support."
"What are the effects of chronic stress on physical health?","Chronic stress can lead to high blood pressure, weakened immune system, digestive problems, headaches, and an increased risk of heart disease or stroke."
"How do I manage perfectionism in academic or work settings?","Managing perfectionism involves setting realistic goals, accepting mistakes as part of learning, prioritizing progress over perfection, seeking feedback, and practicing self-compassion."
"What is self-compassion and how can it benefit mental health?","Self-compassion involves treating oneself with kindness, recognizing common humanity in suffering, and practicing mindfulness. It promotes resilience, reduces self-criticism, and enhances emotional well-being."
"How can I improve my emotional regulation skills?","Improving emotional regulation involves identifying triggers, practicing relaxation techniques, developing healthy coping strategies, and seeking support from a therapist or counselor."
"What are effective ways to manage work-related stress?","Managing work-related stress includes setting boundaries, prioritizing tasks, practicing time management, taking breaks, and communicating openly with supervisors or colleagues."
"How can I support a friend with an eating disorder?","Supporting a friend involves listening without judgment, offering encouragement, helping them find professional support, and promoting a positive body image and healthy behaviors."
"What is the connection between sleep and mental health?","Quality sleep plays a crucial role in mental health by regulating mood, cognitive function, and stress levels. Poor sleep can contribute to anxiety, depression, and other mental health disorders."
"How can I build resilience in children?","Building resilience in children involves fostering supportive relationships, teaching problem-solving skills, encouraging positive thinking, and validating their emotions."
"What are effective ways to manage anger?","Managing anger involves recognizing triggers, taking deep breaths, using 'I' statements to express feelings, taking a break to cool down, and seeking professional help for chronic anger issues."
"How do I know if I have a personality disorder?","Personality disorders involve enduring patterns of behavior, cognition, and inner experience that deviate from cultural expectations. Symptoms can include difficulties in relationships, distorted thinking, and emotional instability."
"What is the role of exercise in improving mental health?","Exercise can improve mental health by reducing stress, boosting mood through endorphin release, promoting better sleep, and enhancing self-esteem and cognitive function."
"How can I help a child with anxiety?","Helping a child with anxiety involves teaching relaxation techniques, validating their feelings, creating a calm environment, gradually exposing them to feared situations, and seeking guidance from a pediatrician or therapist."
"What are effective strategies for managing workplace burnout?","Strategies for managing burnout include setting realistic goals, delegating tasks, taking regular breaks, prioritizing self-care, seeking social support, and considering professional counseling."
"How can I improve my assertiveness in social situations?","Improving assertiveness involves practicing clear communication, expressing thoughts and feelings honestly, using assertive body language, and setting boundaries with respect."
"What are signs of an eating disorder in adolescents?","Signs of an eating disorder in adolescents include rapid weight changes, preoccupation with body image or weight, secretive behavior around food, and avoidance of social meals."
"How can I support a loved one with schizophrenia?","Supporting a loved one with schizophrenia involves educating yourself about the disorder, providing emotional support, encouraging treatment adherence, and participating in their care plan with their permission."
"What are effective ways to manage intrusive thoughts?","Managing intrusive thoughts involves recognizing them as symptoms of anxiety or OCD, reframing them with realistic perspectives, practicing mindfulness, and seeking professional guidance if needed."
"How can I improve my self-esteem as a teenager?","Improving self-esteem involves focusing on strengths and accomplishments, setting realistic goals, practicing self-compassion, surrounding yourself with supportive people, and avoiding comparisons."
"What are effective ways to support mental health in the workplace?","Supporting mental health in the workplace includes promoting work-life balance, offering employee assistance programs (EAPs), training managers in mental health awareness, and reducing stigma through education."
"How can I help a friend who is experiencing suicidal thoughts?","Helping a friend with suicidal thoughts involves taking their feelings seriously, listening without judgment, encouraging them to seek professional help immediately, and ensuring they are not left alone."
"What are effective ways to manage stress in college?","Managing stress in college involves prioritizing tasks, practicing time management, maintaining a healthy lifestyle, seeking social support, and using campus resources such as counseling services."
"How can I improve my emotional resilience after a traumatic experience?","Improving emotional resilience involves seeking support from loved ones or a therapist, practicing self-care, engaging in activities that promote relaxation and joy, and allowing yourself time to heal."
"What is the impact of social media on mental health?","Social media can impact mental health by increasing feelings of anxiety, depression, and loneliness, promoting comparison with others, and affecting self-esteem. Setting boundaries and taking breaks from social media can help."
"How can I manage anxiety about the future?","Managing anxiety about the future involves focusing on the present moment, setting achievable goals, challenging catastrophic thinking, practicing relaxation techniques, and seeking support from loved ones or a therapist."
"What are signs of addiction and how can they be addressed?","Signs of addiction include loss of control over substance use, withdrawal symptoms, neglecting responsibilities, and continued use despite negative consequences. Addressing addiction may require professional treatment and support."
"How can I build emotional intelligence?","Building emotional intelligence involves becoming aware of your emotions, recognizing emotions in others, managing emotions effectively, developing empathy, and improving communication skills."
"What are signs of trauma in children?","Signs of trauma in children include fearfulness, nightmares, regressive behavior, irritability, withdrawal from activities, and difficulty concentrating. Early intervention and support are crucial."
"How can I manage anxiety about social situations?","Managing anxiety about social situations involves gradual exposure, practicing relaxation techniques, challenging negative thoughts, setting realistic goals, and seeking support from a therapist."
"What are effective coping strategies for dealing with loss?","Coping with loss involves allowing yourself to grieve, seeking support from loved ones or a support group, preserving memories, maintaining routines, and honoring the memory of the deceased."
"How can I support a teenager struggling with self-esteem?","Supporting a teenager involves encouraging positive self-talk, fostering strengths and interests, providing unconditional love, promoting healthy friendships, and seeking professional help if self-esteem issues persist."
"What are effective ways to manage obsessive thoughts?","Managing obsessive thoughts involves acknowledging them without judgment, redirecting attention to other activities, practicing relaxation techniques, and working with a therapist trained in OCD treatment."
"How can I build resilience in the face of rejection?","Building resilience involves reframing rejection as a learning experience, focusing on personal growth, seeking support from trusted individuals, and practicing self-compassion."
"What is dialectical behavior therapy (DBT) and how can it help?","DBT is a type of therapy that combines cognitive-behavioral techniques with mindfulness practices. It helps individuals manage intense emotions, improve relationships, and develop coping skills."
"How can I help a loved one experiencing hallucinations?","Helping a loved one involves staying calm, validating their feelings, ensuring their safety, encouraging them to seek medical evaluation, and supporting their treatment plan."
"What are signs of emotional abuse?","Signs of emotional abuse include humiliation, manipulation, intimidation, threats, and isolation. It can have long-term effects on mental health and self-esteem."
"How can I improve my sleep hygiene?","Improving sleep hygiene involves maintaining a consistent sleep schedule, creating a relaxing bedtime routine, avoiding caffeine and electronics before bed, and ensuring a comfortable sleep environment."
"What are effective ways to manage fear of failure?","Managing fear of failure involves setting realistic goals, reframing negative thoughts, viewing setbacks as opportunities for growth, seeking support from mentors, and practicing self-compassion."
"How can I support a friend with borderline personality disorder (BPD)?","Supporting a friend with BPD involves understanding their emotional intensity, validating their feelings, maintaining boundaries, encouraging therapy, and learning effective communication strategies."
"What are effective strategies for coping with separation anxiety?","Coping with separation anxiety involves gradually exposing oneself to separation situations, using relaxation techniques, creating a predictable routine, and seeking support from a therapist."
"How can I build assertiveness in professional settings?","Building assertiveness involves practicing clear communication, expressing opinions confidently, negotiating effectively, and setting boundaries while respecting others' perspectives."
"What is the role of exercise in managing ADHD symptoms?","Exercise can help manage ADHD symptoms by increasing dopamine and norepinephrine levels in the brain, improving focus, regulating mood, and promoting better sleep patterns."
"How do I know if I have an eating disorder?","Signs of an eating disorder include restrictive eating patterns, binge eating, purging behaviors, excessive exercise, preoccupation with weight or body image, and physical symptoms like dizziness or fatigue."
"What are effective ways to support a loved one with addiction?","Supporting a loved one with addiction involves offering empathy and understanding, encouraging treatment, attending support groups like Al-Anon, setting boundaries, and avoiding enabling behaviors."
"How can I manage negative thoughts about my body image?","Managing negative thoughts about body image involves challenging unrealistic standards, focusing on health and function rather than appearance, practicing self-compassion, and seeking support from a therapist."
"What are effective strategies for managing stress in adolescence?","Strategies for managing stress in adolescence include practicing mindfulness, engaging in physical activity, talking to supportive friends or family, setting realistic goals, and seeking guidance from school counselors."
"How can I help a teenager cope with academic pressure?","Helping a teenager cope involves teaching time management skills, encouraging breaks and relaxation, validating their feelings, promoting self-care, and fostering a balanced perspective on success."
"What are signs of caregiver burnout?","Signs of caregiver burnout include fatigue, irritability, withdrawal from social activities, neglecting one's own needs, changes in sleep or appetite, and feelings of hopelessness or helplessness."
"How can I support a friend experiencing a panic attack?","Supporting a friend involves staying calm, encouraging slow breathing, offering reassurance, helping them find a quiet place, and staying with them until the panic subsides."
"What are the benefits of journaling for mental health?","Journaling can help clarify thoughts and feelings, reduce stress, improve mood, track patterns or triggers, enhance self-awareness, and promote problem-solving and goal-setting."
"How can I build trust in relationships after betrayal?","Building trust involves open communication, consistency in actions, showing empathy and remorse, allowing time for healing, and seeking couples therapy if needed."
"What are signs of social withdrawal in teenagers?","Signs of social withdrawal include avoiding social activities, spending excessive time alone, changes in peer relationships, declining academic performance, and loss of interest in hobbies."
"How do I know if I have seasonal affective disorder (SAD)?","Symptoms of SAD include low energy, oversleeping, changes in appetite (especially craving carbohydrates), weight gain, and withdrawal from social activities during specific seasons, typically fall and winter."
"What is the connection between trauma and dissociation?","Dissociation is a common response to trauma, involving a disconnect from thoughts, feelings, memories, or surroundings. It can help protect the individual from overwhelming emotions, but may become problematic."
"How can I improve my coping skills during challenging times?","Improving coping skills involves identifying stressors, developing healthy coping strategies like mindfulness, seeking social support, maintaining a positive outlook, and seeking professional guidance if needed."
"What are effective ways to manage insomnia?","Managing insomnia involves practicing good sleep hygiene, limiting caffeine and electronics before bed, establishing a relaxing bedtime routine, managing stress, and seeking medical advice if sleep problems persist."
"How can I support a child with ADHD?","Supporting a child with ADHD involves creating a structured environment, establishing routines, providing clear instructions, using positive reinforcement, and working closely with teachers and healthcare providers."
"What are signs of a toxic relationship?","Signs of a toxic relationship include lack of respect, constant criticism, manipulation, gaslighting, controlling behavior, and feeling drained or unhappy in the relationship."
"How can I help a teenager who is being bullied?","Helping a teenager involves listening to their experiences, offering emotional support, encouraging them to assert boundaries, reporting bullying to school authorities, and exploring counseling options."
"What are effective ways to manage test anxiety?","Managing test anxiety involves preparing thoroughly, practicing relaxation techniques, maintaining a positive mindset, getting enough sleep, and using strategies like deep breathing during the exam."
"How can I improve my concentration and focus?","Improving concentration involves minimizing distractions, setting specific goals, practicing mindfulness or meditation, taking breaks, and maintaining a healthy lifestyle."
"What are signs of bipolar disorder?","Signs of bipolar disorder include mood swings from extreme highs (mania or hypomania) to lows (depression), changes in energy and activity levels, sleep disturbances, and impaired judgment or risky behavior."
"How can I support a friend with generalized anxiety disorder (GAD)?","Supporting a friend involves listening without judgment, validating their feelings, offering practical help, encouraging professional treatment, and learning about GAD to provide informed support."
"What is the impact of chronic illness on mental health?","Chronic illness can impact mental health by causing stress, depression, anxiety, grief for lost abilities, social isolation, and adjustment challenges. Managing both physical and mental health is crucial."
"How can I help a teenager struggling with self-harm?","Helping a teenager involves staying calm, offering non-judgmental support, listening actively, encouraging professional help, removing objects used for self-harm, and ensuring their safety."
"What are effective ways to manage ADHD in adults?","Managing ADHD in adults involves creating structure and routines, using tools like planners or reminders, breaking tasks into smaller steps, minimizing distractions, and seeking support from healthcare providers."
"How can I build resilience in the face of rejection in relationships?","Building resilience involves maintaining self-worth, learning from the experience, seeking support from friends or a therapist, focusing on personal growth, and staying open to new relationships."
"What are effective ways to manage stress during pregnancy?","Managing stress during pregnancy involves practicing relaxation techniques, staying physically active with doctor's approval, seeking emotional support, preparing for childbirth, and communicating concerns with healthcare providers."
"How can I support a loved one with bipolar disorder?","Supporting a loved one involves learning about bipolar disorder, encouraging treatment adherence, recognizing early signs of mood shifts, offering emotional support, and participating in their treatment plan."
"What are signs of emotional neglect?","Signs of emotional neglect include low self-esteem, difficulty trusting others, fear of emotional intimacy, feelings of emptiness, and challenges in regulating emotions or forming relationships."
"How can I build resilience in the face of job loss?","Building resilience involves acknowledging your feelings, maintaining a routine, setting realistic goals, seeking support from loved ones, exploring new opportunities, and practicing self-care."
"What are effective ways to manage anxiety about health?","Managing health anxiety involves seeking accurate information, limiting reassurance-seeking behaviors, practicing relaxation techniques, challenging catastrophic thoughts, and seeking support from healthcare providers."
"How can I support a child with autism spectrum disorder (ASD)?","Supporting a child with ASD involves creating a structured environment, using clear and consistent communication, understanding sensory sensitivities, promoting social skills development, and collaborating with educators and therapists."
"What is the connection between trauma and addiction?","Trauma can increase the risk of addiction as individuals may use substances to cope with trauma-related symptoms like anxiety or depression. Addressing trauma through therapy is crucial for effective addiction treatment."
"How can I manage social anxiety in college?","Managing social anxiety involves gradual exposure to social situations, practicing relaxation techniques, challenging negative thoughts, joining clubs or activities of interest, and seeking support from campus counseling services."
"What are effective ways to manage financial stress?","Managing financial stress involves creating a budget, prioritizing expenses, seeking financial guidance if needed, exploring ways to increase income or reduce debt, and practicing self-care and stress management techniques."
"How can I support a friend who has experienced trauma?","Supporting a friend involves listening without judgment, offering empathy and reassurance, respecting their pace in discussing the trauma, encouraging professional help if needed, and providing ongoing support."
"What are effective ways to manage perfectionism?","Managing perfectionism involves setting realistic goals, accepting mistakes as part of learning, challenging self-critical thoughts, prioritizing progress over perfection, and practicing self-compassion."
"How can I help a teenager struggling with substance abuse?","Helping a teenager involves expressing concern without judgment, listening actively, setting clear boundaries, encouraging treatment options, and seeking support from professionals or support groups."
"What are signs of caregiver depression?","Signs of caregiver depression include feeling overwhelmed, changes in sleep or appetite, withdrawing from activities, irritability, fatigue, and neglecting one's own health needs."
"How can I improve my emotional resilience after a breakup?","Improving emotional resilience involves allowing yourself to grieve, focusing on self-care and personal growth, seeking support from loved ones, setting boundaries with your ex-partner, and reframing the experience positively."
"What are effective ways to manage anxiety about public speaking?","Managing anxiety about public speaking involves practicing your speech repeatedly, visualizing success, using relaxation techniques before speaking, focusing on your message rather than your fear, and seeking guidance from a public speaking coach."
"How can I support a teenager with depression?","Supporting a teenager involves listening without judgment, offering empathy, encouraging open communication, promoting healthy habits, supporting treatment options, and involving trusted adults like counselors or healthcare providers."
"What are signs of emotional dysregulation?","Signs of emotional dysregulation include intense mood swings, impulsivity, difficulty managing anger or frustration, feelings of emptiness, and unstable relationships."
"How can I manage stress during the holidays?","Managing holiday stress involves setting realistic expectations, prioritizing self-care, sticking to a budget, delegating tasks, practicing gratitude, and focusing on meaningful connections."
"How can I build resilience after experiencing discrimination?","Building resilience involves seeking support from community, educating others about discrimination, advocating for change, engaging in self-care, and focusing on personal strengths and achievements."
"What are effective ways to manage work-life balance?","Managing work-life balance involves setting boundaries, prioritizing tasks, scheduling time for activities outside of work, delegating when possible, and communicating openly with supervisors about workload."
"How can I support a friend with a loved one in hospice care?","Supporting a friend involves listening empathetically, offering practical help like meal preparation or errands, providing emotional support, respecting their grieving process, and encouraging self-care."
"What is the impact of chronic pain on mental health?","Chronic pain can lead to depression, anxiety, irritability, difficulty concentrating, sleep disturbances, and decreased quality of life. Managing both physical pain and emotional well-being is essential."
"How can I improve communication in a long-distance relationship?","Improving communication involves scheduling regular video calls, being open and honest about feelings, listening actively, sharing experiences and goals, and finding creative ways to maintain emotional connection."
"What are signs of burnout in healthcare professionals?","Signs of burnout include emotional exhaustion, detachment from patients, cynicism or depersonalization, reduced job satisfaction, and feelings of ineffectiveness. Self-care and support are crucial for prevention."
"How can I build self-esteem after experiencing emotional abuse?","Building self-esteem involves recognizing your worth, challenging negative beliefs about yourself, setting boundaries, practicing self-care, and surrounding yourself with supportive relationships."
"What are effective ways to manage anger?","Managing anger involves recognizing triggers, taking deep breaths, practicing relaxation techniques, expressing feelings calmly, and finding healthy ways to channel energy, such as exercise or creative activities."
"How can I support a loved one with post-traumatic stress disorder (PTSD)?","Supporting a loved one involves learning about PTSD, creating a safe environment, listening without pressure, encouraging professional help, and being patient and understanding during their recovery."
"What are signs of stress in college students?","Signs of stress include changes in sleep or eating habits, difficulty concentrating, fatigue, irritability, withdrawal from social activities, and physical symptoms like headaches or stomachaches."
"How can I manage anxiety about social media?","Managing anxiety about social media involves setting limits on usage, curating a positive feed, unfollowing accounts that cause distress, focusing on real-life connections, and practicing self-compassion."
"What are effective ways to manage obsessive-compulsive disorder (OCD)?","Managing OCD involves exposure and response prevention therapy, cognitive-behavioral therapy, medication if necessary, practicing mindfulness, and building a support network."
"How can I support a friend who has experienced sexual assault?","Supporting a friend involves believing them, listening without judgment, offering emotional support, respecting their decisions about reporting or seeking help, and connecting them with resources like counseling or support groups."
"What are signs of a healthy relationship?","Signs of a healthy relationship include mutual respect, trust, open communication, support for each other's goals, shared values, equality, and the ability to resolve conflicts constructively."
"How can I improve my time management skills?","Improving time management involves setting clear goals, prioritizing tasks, creating a schedule, minimizing distractions, delegating when possible, and evaluating and adjusting your plan regularly."
"What are effective ways to manage caregiver stress?","Managing caregiver stress involves setting realistic expectations, seeking support from others, practicing self-care, accepting help with caregiving duties, and communicating openly about your needs."
"How can I support a friend who is experiencing job loss?","Supporting a friend involves listening without judgment, offering practical assistance like reviewing their resume, providing emotional support, exploring job search resources together, and encouraging self-care."
"What are signs of technology addiction?","Signs of technology addiction include preoccupation with devices, neglecting responsibilities, withdrawal symptoms when not using technology, and difficulty cutting back despite negative consequences."
"How can I build resilience in the face of chronic illness?","Building resilience involves accepting your emotions, seeking support from loved ones, finding purpose in activities you enjoy, advocating for your healthcare needs, and focusing on aspects of life you can control."
"What are effective ways to manage grief?","Managing grief involves allowing yourself to feel emotions, seeking support from loved ones or grief support groups, preserving memories, maintaining self-care, and giving yourself time to heal."
